onset	duration	trial_type
4.0281435	4	5
22.0471135	4	1
40.0828375	4	5
58.1020835	4	3
76.1214175	4	5
94.1408605	4	3
112.1603545	4	1
130.1965075	4	2
148.2161555	4	2
166.2358335	4	4
184.2555485	4	4
202.2753365	4	5
