onset	duration	trial_type
4.0291415	4	5
22.0523975	4	1
40.0920715	4	3
58.1149745	4	5
76.1377315	4	5
94.1603855	4	2
112.1829265	4	2
130.2053725	4	4
148.2277205	4	4
166.2500245	4	3
184.2722525	4	1
202.3110225	4	5
