onset	duration	trial_type
4.0127305	4	5
22.0354315	4	1
40.0747595	4	2
58.0893105	4	3
76.1071295	4	5
94.1217215	4	4
112.1442035	4	4
130.1828405	4	2
148.2265395	4	5
166.2408735	4	3
184.2842365	4	1
202.3396175	4	5
