onset	duration	trial_type
4.0289415	4	5
22.0512915	4	1
40.0901365	4	4
58.1123945	4	5
76.1345865	4	3
94.1567195	4	2
112.1788405	4	5
130.2009365	4	3
148.2230025	4	2
166.2450635	4	4
184.2670875	4	1
202.3056675	4	5
