onset	duration	trial_type
4.0106595	4	5
22.0193605	4	1
40.0499735	4	4
58.0612455	4	3
76.0709865	4	2
94.0798785	4	3
112.0882745	4	1
130.1130595	4	2
148.1250765	4	5
166.1595385	4	5
184.1840985	4	4
202.2030535	4	5
