onset	duration	trial_type
4.0128095	4	5
22.0288865	4	1
40.0616265	4	3
58.0777595	4	4
76.0938925	4	2
94.1100705	4	5
112.1262425	4	4
130.1424405	4	5
148.1586695	4	3
166.1729665	4	2
184.1863055	4	1
202.2164845	4	5
