onset	duration	trial_type
4.0124495	4	5
22.0270565	4	1
40.0585385	4	4
58.0735555	4	5
76.0887345	4	3
94.1040715	4	2
112.1195255	4	2
130.1351115	4	1
148.1674145	4	5
166.1831835	4	4
184.1989955	4	3
202.2148815	4	5
