onset	duration	trial_type
4.0126845	4	5
22.0281955	4	2
40.0436925	4	5
58.0592265	4	3
76.0747335	4	2
94.0902685	4	5
112.1058055	4	1
130.1380145	4	4
148.1535585	4	4
166.1691275	4	3
184.1846945	4	1
202.2169135	4	5
