onset	duration	trial_type
4.0136605	4	5
22.0163145	4	3
40.0183565	4	5
58.0199435	4	4
76.0211945	4	2
94.0221665	4	4
112.0229265	4	1
130.0402195	4	5
148.0407405	4	2
166.0368115	4	1
184.0662955	4	3
202.0795765	4	5
