onset	duration	trial_type
4.0120125	4	5
22.0460385	4	1
40.0984245	4	2
58.1256395	4	3
76.1480565	4	5
94.1677665	4	4
112.1859495	4	4
130.2032755	4	2
148.2136135	4	5
166.2199295	4	3
184.2283505	4	1
202.2549855	4	5
