onset	duration	trial_type
4.0127265	4	5
22.0284295	4	1
40.0607635	4	4
58.0764595	4	5
76.0921655	4	2
94.1078655	4	2
112.1235755	4	3
130.1392815	4	1
148.1716275	4	4
166.1873345	4	3
184.2030515	4	5
202.2187695	4	5
