onset	duration	trial_type
4.0287835	4	5
22.0506495	4	1
40.0890645	4	4
58.1108875	4	2
76.1327415	4	3
94.1545825	4	2
112.1764215	4	3
130.1982615	4	4
148.2201045	4	5
166.2419455	4	1
184.2803615	4	5
202.3021965	4	5
