onset	duration	trial_type
4.0288125	4	2
22.0506515	4	5
40.0724975	4	4
58.0943275	4	2
76.1161745	4	4
94.1380245	4	3
112.1598485	4	5
130.1817095	4	3
