onset	duration	trial_type
4.0287785	4	4
22.0506305	4	4
40.0724795	4	5
58.0943195	4	2
76.1161555	4	5
94.1379845	4	3
112.1598335	4	2
130.1816675	4	3
