onset	duration	trial_type
4.0288035	4	5
22.0506565	4	2
40.0724825	4	3
58.0943315	4	3
76.1161805	4	4
94.1380205	4	4
112.1598495	4	1
130.1982735	4	2
148.2201145	4	5
166.2419505	4	1
184.2803855	4	5
202.3022285	4	5
