onset	duration	trial_type
4.0287985	4	5
22.0506415	4	4
40.0724675	4	2
58.0943035	4	3
76.1161635	4	5
94.1379875	4	4
112.1598285	4	2
130.1816905	4	3
