onset	duration	trial_type
4.0288015	4	5
22.0506475	4	3
40.0724885	4	2
58.0943145	4	4
76.1161645	4	4
94.1379915	4	5
112.1598465	4	5
130.1816805	4	2
148.2035265	4	3
166.2253705	4	1
184.2637775	4	1
202.3022065	4	5
