onset	duration	trial_type
4.0288045	4	5
22.0506435	4	1
40.0890755	4	4
58.1109185	4	5
76.1327545	4	3
94.1546115	4	2
112.1764505	4	2
130.1982745	4	1
148.2367065	4	5
166.2585465	4	4
184.2803755	4	3
202.3022285	4	5
