onset	duration	trial_type
4.0288205	4	5
22.0506445	4	1
40.0890735	4	5
58.1109225	4	4
76.1327535	4	3
94.1545975	4	2
112.1764455	4	2
130.1982765	4	1
148.2366945	4	3
166.2585345	4	4
184.2803875	4	5
202.3022215	4	5
