onset	duration	trial_type
4.0288175	4	5
22.0506425	4	2
40.0724945	4	4
58.0943265	4	3
76.1161685	4	4
94.1380095	4	5
112.1598565	4	2
130.1816855	4	3
