onset	duration	trial_type
4.0164875	4	5
22.0323395	4	3
40.0481985	4	5
58.0640425	4	4
76.0799055	4	2
94.0957425	4	4
112.1116035	4	1
130.1441155	4	5
148.1599645	4	2
166.1758205	4	1
184.2083325	4	3
202.2241975	4	5
