onset	duration	trial_type
4.0165005	4	5
22.0323515	4	1
40.0648595	4	3
58.0807135	4	4
76.0965655	4	2
94.1124135	4	5
112.1282745	4	4
130.1441095	4	5
148.1599625	4	3
166.1758195	4	2
184.1916765	4	1
202.2241885	4	5
