onset	duration	trial_type
4.0164925	4	5
22.0323275	4	3
40.0481985	4	2
58.0640445	4	4
76.0799005	4	4
94.0957445	4	5
112.1115995	4	5
130.1274445	4	2
148.1432875	4	3
166.1591475	4	1
184.1916645	4	1
202.2241835	4	5
