onset	duration	trial_type
4.0164925	4	5
22.0323485	4	5
40.0482005	4	2
58.0640545	4	3
76.0798905	4	4
94.0957565	4	2
112.1115945	4	4
130.1274475	4	3
148.1432965	4	1
166.1758225	4	5
184.1916675	4	1
202.2241905	4	5
