onset	duration	trial_type
4.0164895	4	5
22.0323415	4	1
40.0648465	4	2
58.0806965	4	3
76.0965485	4	5
94.1124155	4	4
112.1282625	4	4
130.1441005	4	2
148.1599555	4	5
166.1758175	4	3
184.1916545	4	1
202.2241875	4	5
