onset	duration	trial_type
4.0164925	4	5
22.0323455	4	1
40.0648445	4	4
58.0807005	4	5
76.0965635	4	2
94.1124035	4	2
112.1282535	4	3
130.1440995	4	1
148.1766355	4	4
166.1924855	4	3
184.2083275	4	5
202.2241885	4	5
