onset	duration	trial_type
4.0164895	4	5
22.0323375	4	1
40.0648505	4	4
58.0807045	4	3
76.0965595	4	2
94.1124055	4	3
112.1282655	4	1
130.1607885	4	2
148.1766295	4	5
166.1924795	4	5
184.2083295	4	4
202.2241925	4	5
