onset	duration	trial_type
4.0164785	4	5
22.0323315	4	1
40.0648585	4	4
58.0807055	4	5
76.0965645	4	3
94.1123955	4	2
112.1282585	4	2
130.1441015	4	1
148.1766235	4	5
166.1924815	4	4
184.2083205	4	3
202.2241725	4	5
