onset	duration	trial_type
4.0287935	4	5
22.0505735	4	1
40.0889415	4	5
58.1107105	4	3
76.1324965	4	2
94.1542835	4	4
112.1760685	4	1
130.2144185	4	2
148.2362055	4	5
166.2580025	4	3
184.2797865	4	4
202.3015665	4	5
