onset	duration	trial_type
4.0287615	4	5
22.0503635	4	3
40.0719875	4	2
58.0935835	4	4
76.1152075	4	4
94.1368195	4	5
112.1584245	4	5
130.1800245	4	2
148.2016345	4	3
166.2232435	4	1
184.2614465	4	1
202.2996585	4	5
