onset	duration	trial_type
4.0287965	4	5
22.0505695	4	4
40.0723625	4	5
58.0941405	4	2
76.1159325	4	2
94.1377055	4	3
112.1594845	4	4
130.1812715	4	3
148.2030645	4	1
166.2414215	4	5
184.2631945	4	1
202.3015605	4	5
