onset	duration	trial_type
4.0287935	4	5
22.0505805	4	2
40.0723625	4	4
58.0941485	4	3
76.1159095	4	5
94.1377115	4	4
112.1594755	4	2
130.1812655	4	3
148.2030495	4	1
166.2414095	4	5
184.2631845	4	1
202.3015525	4	5
