onset	duration	trial_type
4.0287795	4	5
22.0505765	4	5
40.0723535	4	2
58.0941385	4	4
76.1159145	4	3
94.1376975	4	4
112.1594745	4	5
130.1812575	4	1
148.2196255	4	2
166.2413975	4	1
184.2797705	4	3
202.3015425	4	5
