onset	duration	trial_type
4.0288765	4	5
22.0511375	4	1
40.0899885	4	2
58.1122455	4	5
76.1345115	4	4
94.1566255	4	2
112.1776785	4	4
130.1987835	4	3
148.2199325	4	3
166.2411055	4	1
184.2789155	4	5
202.3001605	4	5
