onset	duration	trial_type
4.0289285	4	5
22.0514145	4	4
40.0739295	4	2
58.0964695	4	5
76.1190535	4	2
94.1416665	4	5
112.1642805	4	1
130.2035065	4	3
148.2261875	4	1
166.2654385	4	3
184.2881645	4	4
202.3108925	4	5
