onset	duration	trial_type
4.0287025	4	5
22.0501445	4	4
40.0715805	4	2
58.0930645	4	5
76.1145815	4	3
94.1361155	4	2
112.1576735	4	1
130.1958295	4	3
148.2174475	4	1
166.2556475	4	4
184.2772825	4	5
202.2989495	4	5
