onset	duration	trial_type
4.0287815	4	5
22.0505435	4	2
40.0723235	4	3
58.0941235	4	4
76.1159195	4	2
94.1377565	4	4
112.1596025	4	1
130.1980155	4	3
148.2198735	4	5
166.2417545	4	5
184.2636375	4	1
202.3021195	4	5
