onset	duration	trial_type
4.0288175	4	5
22.0507865	4	2
40.0729425	4	4
58.0952775	4	3
76.1177315	4	5
94.1403075	4	4
112.1630075	4	2
130.1857605	4	3
148.2086185	4	1
166.2481175	4	5
184.2710795	4	1
202.3106975	4	5
