onset	duration	trial_type
4.0288525	4	5
22.0512635	4	3
40.0740625	4	2
58.0971145	4	4
76.1204105	4	4
94.1438415	4	5
112.1674235	4	5
130.1878405	4	2
148.2072975	4	3
166.2272835	4	1
184.2642885	4	1
202.3016915	4	5
