onset	duration	trial_type
4.0288585	4	5
22.0510005	4	3
40.0731125	4	3
58.0952395	4	5
76.1173955	4	5
94.1395095	4	4
112.1616705	4	4
130.1837965	4	1
148.2225365	4	1
166.2612665	4	2
184.2833995	4	2
202.3055745	4	5
