onset	duration	trial_type
4.0294525	4	5
22.0543355	4	5
40.0795085	4	4
58.1048745	4	3
76.1304255	4	3
94.1560615	4	2
112.1817975	4	5
130.1960295	4	1
148.2245465	4	4
166.2394405	4	1
184.2731435	4	2
202.2919545	4	5
