onset	duration	trial_type
4.0303725	4	5
22.0539695	4	1
40.0884565	4	4
58.1105515	4	2
76.1349765	4	3
94.1607415	4	2
112.1872615	4	3
130.2141975	4	4
148.2381455	4	5
166.2544565	4	1
184.2897375	4	5
202.3102715	4	5
