onset	duration	trial_type
4.0288585	4	5
22.0509285	4	1
40.0895565	4	4
58.1116395	4	5
76.1337065	4	2
94.1557845	4	2
112.1778675	4	3
130.1999575	4	1
148.2386305	4	4
166.2607395	4	3
184.2828355	4	5
202.3049365	4	5
