onset	duration	trial_type
4.0288215	4	5
22.0506465	4	1
40.0890675	4	5
58.1109255	4	2
76.1327715	4	4
94.1546025	4	3
112.1764495	4	5
130.1982925	4	3
148.2201335	4	2
166.2419635	4	1
184.2803935	4	4
202.3022235	4	5
