onset	duration	trial_type
4.0289125	4	5
22.0513115	4	1
40.0902405	4	2
58.1125945	4	5
76.1349075	4	3
94.1571975	4	5
112.1795005	4	4
130.2017505	4	3
148.2240035	4	2
166.2462335	4	4
184.2684665	4	1
202.3072455	4	5
