onset	duration	trial_type
4.0287955	4	5
22.0506935	4	1
40.0891205	4	4
58.1109885	4	5
76.1328405	4	3
94.1546825	4	2
112.1765395	4	2
130.1983515	4	1
148.2367595	4	5
166.2585905	4	4
184.2804105	4	3
202.3022015	4	5
