onset	duration	trial_type
4.0287415	4	5
22.0504245	4	1
40.0886815	4	5
58.1103415	4	4
76.1319925	4	3
94.1536395	4	2
112.1752945	4	2
130.1969525	4	1
148.2351715	4	3
166.2568125	4	4
184.2784385	4	5
202.3000755	4	5
