onset	duration	trial_type
4.0288255	4	5
22.0508225	4	5
40.0728245	4	4
58.0948125	4	2
76.1167865	4	4
94.1387445	4	3
112.1607145	4	1
130.1992415	4	2
148.2212055	4	5
166.2431415	4	1
184.2816715	4	3
202.3035985	4	5
