onset	duration	trial_type
4.0287695	4	5
22.0504295	4	1
40.0886745	4	5
58.1103605	4	2
76.1320325	4	4
94.1536715	4	3
112.1753595	4	5
130.1970135	4	3
148.2186685	4	2
166.2403545	4	1
184.2785875	4	4
202.3002365	4	5
