onset	duration	trial_type
4.0288785	4	5
22.0510255	4	4
40.0731495	4	3
58.0952595	4	5
76.1173795	4	2
94.1394825	4	3
112.1615705	4	1
130.2002245	4	1
148.2388465	4	4
166.2609115	4	2
184.2829665	4	5
202.3049975	4	5
