onset	duration	trial_type
4.0287875	4	5
22.0505685	4	1
40.0889295	4	4
58.1106995	4	2
76.1324525	4	3
94.1542125	4	2
112.1759565	4	3
130.1976775	4	4
148.2193935	4	5
166.2411125	4	1
184.2793855	4	5
202.3010765	4	5
