onset	duration	trial_type
4.0288475	4	5
22.0508535	4	3
40.0728605	4	5
58.0948495	4	4
76.1168555	4	2
94.1388105	4	4
112.1607755	4	1
130.1993175	4	5
148.2212595	4	2
166.2431845	4	1
184.2816925	4	3
202.3035915	4	5
