onset	duration	trial_type
4.0290955	4	5
22.0521515	4	3
40.0751205	4	2
58.0980055	4	4
76.1208245	4	4
94.1435725	4	5
112.1662775	4	5
130.1889415	4	2
148.2115605	4	3
166.2341475	4	1
184.2732975	4	1
202.3123925	4	5
