onset	duration	trial_type
4.0283925	4	5
22.0485095	4	5
40.0823705	4	3
58.1162805	4	5
76.1486335	4	2
94.1796415	4	3
112.2094865	4	4
130.2383065	4	1
148.2828615	4	4
166.3100605	4	2
184.3365995	4	1
202.3791395	4	5
