onset	duration	trial_type
4.0299805	4	5
22.0574335	4	1
40.1018115	4	4
58.1297915	4	2
76.1579145	4	3
94.1473385	4	2
112.1769405	4	3
130.2175855	4	4
148.2479115	4	5
166.2651805	4	1
184.3009875	4	5
202.3213555	4	5
