onset	duration	trial_type
4.0287975	4	5
22.0505525	4	1
40.0889335	4	5
58.1107675	4	5
76.1326285	4	4
94.1545165	4	2
112.1764165	4	4
130.1983745	4	1
148.2368995	4	3
166.2588955	4	3
184.2809045	4	2
202.3029145	4	5
