onset	duration	trial_type
4.0289005	4	5
22.0512405	4	3
40.0735475	4	2
58.0958745	4	5
76.1181675	4	4
94.1404955	4	3
112.1627795	4	1
130.2016645	4	1
148.2405375	4	2
166.2628505	4	4
184.2851195	4	5
202.3074095	4	5
