onset	duration	trial_type
4.0124415	4	5
22.0267775	4	1
40.0577585	4	5
58.0720915	4	3
76.0864185	4	2
94.1007595	4	4
112.1150905	4	1
130.1460775	4	2
148.1604085	4	5
166.1747345	4	3
184.1890835	4	4
202.2034025	4	5
