onset	duration	trial_type
4.0124225	4	5
22.0267575	4	5
40.0410915	4	4
58.0554355	4	3
76.0697575	4	3
94.0840875	4	2
112.0984235	4	5
130.1127575	4	1
148.1437545	4	4
166.1580845	4	1
184.1890695	4	2
202.2033995	4	5
