onset	duration	trial_type
4.0124275	4	5
22.0267715	4	1
40.0577505	4	5
58.0720765	4	4
76.0864105	4	5
94.1007575	4	3
112.1150745	4	3
130.1294105	4	1
148.1603955	4	2
166.1747305	4	4
184.1890705	4	2
202.2033865	4	5
