onset	duration	trial_type
4.0124305	4	5
22.0267595	4	1
40.0577435	4	5
58.0720775	4	5
76.0864135	4	4
94.1007455	4	2
112.1150805	4	4
130.1294045	4	1
148.1603845	4	3
166.1747245	4	3
184.1890615	4	2
202.2033985	4	5
