onset	duration	trial_type
4.0124355	4	5
22.0267525	4	4
40.0410895	4	5
58.0554185	4	2
76.0697645	4	2
94.0841015	4	3
112.0984195	4	4
130.1127585	4	3
148.1270865	4	1
166.1580675	4	5
184.1724165	4	1
202.2033825	4	5
