onset	duration	trial_type
4.0124345	4	5
22.0267675	4	2
40.0411175	4	4
58.0554415	4	3
76.0697765	4	5
94.0841005	4	4
112.0984465	4	2
130.1127675	4	3
148.1271205	4	1
166.1580955	4	5
184.1724345	4	1
202.2033985	4	5
