onset	duration	trial_type
4.0287815	4	2
22.0506215	4	3
40.0724755	4	4
58.0943225	4	2
76.1161635	4	5
94.1380075	4	4
112.1598415	4	5
130.1816855	4	3
