onset	duration	trial_type
4.0287235	4	5
22.0502915	4	4
40.0718355	4	2
58.0934065	4	5
76.1149925	4	4
94.1365615	4	2
112.1581665	4	3
130.1797545	4	5
148.2013695	4	1
166.2395535	4	3
184.2611675	4	1
202.2993785	4	5
