onset	duration	trial_type
4.0287555	4	5
22.0504185	4	3
40.0720565	4	2
58.0937315	4	5
76.1153765	4	4
94.1370435	4	3
112.1587365	4	1
130.1969815	4	1
148.2352355	4	2
166.2569335	4	4
184.2786095	4	5
202.3003215	4	5
