onset	duration	trial_type
4.0286855	4	5
22.0500935	4	1
40.0880695	4	5
58.1095005	4	4
76.1309105	4	5
94.1523575	4	3
112.1738175	4	3
130.1953015	4	1
148.2333495	4	2
166.2548515	4	4
184.2763485	4	2
202.2978625	4	5
