onset	duration	trial_type
4.0286515	4	5
22.0498525	4	3
40.0710815	4	2
58.0923595	4	4
76.1136645	4	4
94.1349905	4	5
112.1563455	4	5
130.1777395	4	2
148.1991605	4	3
166.2205895	4	1
184.2586155	4	1
202.2966855	4	5
