onset	duration	trial_type
4.0288315	4	5
22.0507845	4	5
40.0727365	4	3
58.0946495	4	5
76.1154555	4	2
94.1363025	4	3
112.1571745	4	4
130.1781015	4	1
148.2156245	4	4
166.2365825	4	2
184.2575775	4	1
202.2951945	4	5
