onset	duration	trial_type
4.0288355	4	5
22.0508205	4	1
40.0893595	4	5
58.1113325	4	3
76.1332935	4	2
94.1552555	4	4
112.1772335	4	1
130.2157565	4	2
148.2377205	4	5
166.2596855	4	3
184.2816585	4	4
202.3035965	4	5
