onset	duration	trial_type
4.0288635	4	5
22.0509585	4	1
40.0896345	4	4
58.1117575	4	2
76.1338545	4	3
94.1559635	4	2
112.1780805	4	3
130.1978465	4	4
148.2167845	4	5
166.2358905	4	1
184.2717605	4	5
202.2912405	4	5
