onset	duration	trial_type
4.0164815	4	5
22.0324045	4	1
40.0650045	4	4
58.0809265	4	5
76.0968495	4	3
94.1127635	4	2
112.1286785	4	2
130.1446015	4	1
148.1771845	4	5
166.1931205	4	4
184.2090355	4	3
202.2249475	4	5
