onset	duration	trial_type
4.0164825	4	5
22.0324215	4	5
40.0483235	4	4
58.0642625	4	2
76.0801735	4	4
94.0961005	4	3
112.1120205	4	1
130.1446115	4	2
148.1605335	4	5
166.1764395	4	1
184.2090305	4	3
202.2249445	4	5
