onset	duration	trial_type
4.0164975	4	5
22.0324085	4	1
40.0650065	4	5
58.0809205	4	2
76.0968415	4	4
94.1127625	4	3
112.1286835	4	5
130.1446045	4	3
148.1605375	4	2
166.1764415	4	1
184.2090405	4	4
202.2249495	4	5
