onset	duration	trial_type
4.0165035	4	5
22.0324245	4	1
40.0650165	4	4
58.0809345	4	2
76.0968625	4	3
94.1127895	4	2
112.1286945	4	3
130.1446235	4	4
148.1605495	4	5
166.1764575	4	1
184.2090565	4	5
202.2249715	4	5
