onset	duration	trial_type
4.0165185	4	5
22.0324415	4	1
40.0650115	4	3
58.0809405	4	5
76.0968615	4	5
94.1127865	4	4
112.1287115	4	2
130.1446165	4	4
148.1605375	4	2
166.1764715	4	3
184.1923845	4	1
202.2249645	4	5
