onset	duration	trial_type
4.0165085	4	5
22.0324295	4	1
40.0650075	4	2
58.0809265	4	5
76.0968615	4	3
94.1127735	4	5
112.1286935	4	4
130.1446115	4	3
148.1605475	4	2
166.1764565	4	4
184.1923825	4	1
202.2249565	4	5
