onset	duration	trial_type
4.0165005	4	5
22.0324275	4	1
40.0650025	4	5
58.0809375	4	4
76.0968595	4	3
94.1127765	4	2
112.1286835	4	2
130.1446035	4	1
148.1771935	4	3
166.1931145	4	4
184.2090455	4	5
202.2249725	4	5
