onset	duration	trial_type
4.0289295	4	5
22.0513375	4	5
40.0737815	4	4
58.0961815	4	3
76.1213005	4	3
94.4954035	4	2
112.5367795	4	5
130.5661335	4	1
148.6128615	4	4
166.6432905	4	1
184.6794045	4	2
202.6984895	4	5
