onset	duration	trial_type
4.0297985	4	5
22.0561865	4	3
40.0812785	4	4
58.0881925	4	2
76.1325535	4	5
94.1635475	4	5
112.1803955	4	1
130.2156655	4	1
148.2522865	4	2
166.2733565	4	3
184.2952275	4	4
202.3176735	4	5
