onset	duration	trial_type
4.0300395	4	5
22.0576985	4	3
40.0851885	4	2
58.1005995	4	5
76.1188055	4	5
94.1390975	4	3
112.1609955	4	4
130.1840745	4	4
148.2080895	4	1
166.2493305	4	1
184.2910855	4	2
202.3166685	4	5
