onset	duration	trial_type
4.0289035	4	5
22.0512215	4	1
40.0901445	4	4
58.1124735	4	4
76.1348225	4	5
94.1571725	4	2
112.1795265	4	5
130.2018975	4	2
148.2242665	4	1
166.2632295	4	3
184.2856215	4	3
202.3080175	4	5
