onset	duration	trial_type
4.0288475	4	5
22.0508265	4	5
40.0727905	4	4
58.0948025	4	2
76.1168005	4	3
94.1388385	4	5
112.1608615	4	2
130.1828975	4	3
148.2049525	4	1
166.2435785	4	4
184.2656545	4	1
202.3043005	4	5
