onset	duration	trial_type
4.0288015	4	5
22.0505905	4	1
40.0889415	4	3
58.1107345	4	3
76.1324995	4	4
94.1542955	4	2
112.1760665	4	4
130.1978605	4	5
148.2196495	4	1
166.2579955	4	2
184.2797875	4	5
202.3015785	4	5
