onset	duration	trial_type
4.0287925	4	5
22.0505775	4	4
40.0723515	4	5
58.0941445	4	4
76.1159385	4	3
94.1377125	4	3
112.1595015	4	1
130.1978605	4	2
148.2196505	4	1
166.2580035	4	5
184.2797875	4	2
202.3015735	4	5
