onset	duration	trial_type
4.0288035	4	5
22.0505805	4	1
40.0889505	4	5
58.1107335	4	3
76.1325165	4	4
94.1543035	4	4
112.1760645	4	1
130.2144245	4	3
148.2362255	4	2
166.2580085	4	5
184.2797835	4	2
202.3015605	4	5
