onset	duration	trial_type
4.0287915	4	5
22.0505765	4	1
40.0889325	4	2
58.1107225	4	3
76.1325045	4	4
94.1542915	4	4
112.1760505	4	1
130.2144285	4	5
148.2362045	4	2
166.2579845	4	3
184.2797835	4	5
202.3015525	4	5
