onset	duration	trial_type
4.0287905	4	5
22.0505815	4	1
40.0889315	4	3
58.1107205	4	3
76.1324875	4	2
94.1542875	4	2
112.1760585	4	5
130.1978455	4	1
148.2362165	4	4
166.2579995	4	4
184.2797725	4	5
202.3015725	4	5
