onset	duration	trial_type
4.0287715	4	5
22.0505645	4	4
40.0723625	4	3
58.0941205	4	4
76.1159045	4	2
94.1377035	4	5
112.1594755	4	5
130.1812655	4	1
148.2196225	4	2
166.2414175	4	3
184.2631965	4	1
202.3015525	4	5
