onset	duration	trial_type
4.0127435	4	5
22.0284635	4	4
40.0441635	4	2
58.0598545	4	5
76.0755585	4	2
94.0912745	4	5
112.1069825	4	1
130.1393235	4	3
148.1550385	4	1
166.1873925	4	3
184.2031005	4	4
202.2187975	4	5
