onset	duration	trial_type
4.0127445	4	5
22.0284325	4	1
40.0607905	4	2
58.0765015	4	3
76.0922045	4	4
94.1079115	4	4
112.1236225	4	5
130.1393205	4	3
148.1550215	4	2
166.1707275	4	1
184.2030715	4	5
202.2187775	4	5
