onset	duration	trial_type
4.0127405	4	5
22.0284415	4	1
40.0607925	4	2
58.0765035	4	2
76.0921905	4	3
94.1078955	4	4
112.1236005	4	3
130.1393015	4	1
148.1716715	4	5
166.1873695	4	4
184.2030745	4	5
202.2187745	4	5
