onset	duration	trial_type
4.0127275	4	5
22.0284405	4	4
40.0441505	4	5
58.0598435	4	3
76.0755505	4	2
94.0912525	4	5
112.1069555	4	3
130.1226775	4	2
148.1383735	4	4
166.1540695	4	1
184.1864335	4	1
202.2187855	4	5
