onset	duration	trial_type
4.0127385	4	5
22.0284555	4	1
40.0608095	4	4
58.0765045	4	3
76.0922055	4	2
94.1079135	4	2
112.1236275	4	3
130.1393255	4	1
148.1716885	4	5
166.1873905	4	4
184.2030805	4	5
202.2188015	4	5
