onset	duration	trial_type
4.0127365	4	5
22.0284255	4	3
40.0441325	4	2
58.0598405	4	5
76.0755395	4	5
94.0912565	4	3
112.1069635	4	4
130.1226625	4	4
148.1383655	4	1
166.1707215	4	1
184.2030765	4	2
202.2187725	4	5
