onset	duration	trial_type
4.0127285	4	5
22.0284405	4	1
40.0607915	4	2
58.0764875	4	5
76.0922075	4	3
94.1079035	4	5
112.1235995	4	4
130.1393185	4	3
148.1550225	4	2
166.1707215	4	4
184.1864165	4	1
202.2187725	4	5
