onset	duration	trial_type
4.0127365	4	5
22.0284375	4	5
40.0441585	4	3
58.0598565	4	3
76.0755545	4	4
94.0912655	4	4
112.1069725	4	2
130.1226655	4	1
148.1550275	4	5
166.1707315	4	2
184.1864355	4	1
202.2187955	4	5
