onset	duration	trial_type
4.0127495	4	5
22.0284465	4	2
40.0441545	4	3
58.0598645	4	3
76.0755595	4	5
94.0912605	4	5
112.1069625	4	4
130.1226815	4	1
148.1550205	4	1
166.1873925	4	2
184.2030915	4	4
202.2187895	4	5
