onset	duration	trial_type
4.0288095	4	5
22.0506425	4	2
40.0725035	4	5
58.0943275	4	3
76.1161725	4	2
94.1380295	4	3
112.1598625	4	4
130.1817005	4	4
