onset	duration	trial_type
4.0287995	4	5
22.0505685	4	1
40.0889255	4	2
58.1107175	4	5
76.1324985	4	3
94.1542895	4	5
112.1760635	4	4
130.1978375	4	3
148.2196315	4	2
166.2414165	4	4
184.2631895	4	1
202.3015565	4	5
