onset	duration	trial_type
4.0287935	4	5
22.0505615	4	1
40.0889435	4	4
58.1107115	4	3
76.1324925	4	2
94.1542785	4	3
112.1760755	4	1
130.2144315	4	2
148.2362025	4	5
166.2579965	4	5
184.2797895	4	4
202.3015555	4	5
