onset	duration	trial_type
4.0287905	4	5
22.0505785	4	3
40.0723765	4	2
58.0941615	4	5
76.1159265	4	5
94.1377235	4	3
112.1595005	4	4
130.1812855	4	4
148.2030635	4	1
166.2414295	4	1
184.2797785	4	2
202.3015665	4	5
