onset	duration	trial_type
4.0287795	4	5
22.0505715	4	1
40.0889185	4	2
58.1107095	4	2
76.1324755	4	3
94.1542705	4	4
112.1760575	4	3
130.1978445	4	1
148.2362025	4	5
166.2579705	4	4
184.2797585	4	5
202.3015435	4	5
