onset	duration	trial_type
4.0287755	4	5
22.0505585	4	4
40.0723505	4	2
58.0941345	4	5
76.1158985	4	2
94.1376955	4	5
112.1594825	4	1
130.1978495	4	3
148.2196185	4	1
166.2579855	4	3
184.2797715	4	4
202.3015585	4	5
