onset	duration	trial_type
4.0287765	4	5
22.0505505	4	5
40.0723505	4	3
58.0941245	4	3
76.1159125	4	4
94.1376855	4	4
112.1594695	4	2
130.1812475	4	1
148.2196255	4	5
166.2414165	4	2
184.2631765	4	1
202.3015605	4	5
