onset	duration	trial_type
4.0288145	4	5
22.0506605	4	3
40.0724995	4	4
58.0943185	4	5
76.1161755	4	5
94.1380045	4	2
112.1598585	4	1
130.1982825	4	4
148.2201185	4	1
166.2585345	4	2
184.2803845	4	3
202.3022135	4	5
