onset	duration	trial_type
4.0288115	4	5
22.0506425	4	1
40.0890645	4	5
58.1109215	4	2
76.1327515	4	4
94.1545975	4	5
112.1764395	4	3
130.1982665	4	4
148.2201185	4	2
166.2419635	4	1
184.2803825	4	3
202.3022305	4	5
