onset	duration	trial_type
4.0164905	4	5
22.0323365	4	5
40.0482035	4	4
58.0640355	4	4
76.0798875	4	3
94.0957425	4	3
112.1115915	4	5
130.1274575	4	1
148.1599785	4	1
166.1924905	4	2
184.2083355	4	2
202.2241785	4	5
