onset	duration	trial_type
4.0164925	4	5
22.0323465	4	4
40.0481825	4	5
58.0640295	4	4
76.0798905	4	3
94.0957385	4	2
112.1115975	4	2
130.1274525	4	5
148.1433055	4	1
166.1758065	4	3
184.1916675	4	1
202.2241905	4	5
