onset	duration	trial_type
4.0164885	4	5
22.0323505	4	1
40.0648545	4	5
58.0807195	4	2
76.0965695	4	2
94.1124225	4	4
112.1282595	4	1
130.1607795	4	3
148.1766265	4	4
166.1924905	4	5
184.2083395	4	3
202.2241935	4	5
