onset	duration	trial_type
4.0164885	4	5
22.0323375	4	1
40.0648595	4	5
58.0807045	4	4
76.0965545	4	5
94.1124055	4	3
112.1282745	4	3
130.1441215	4	1
148.1766315	4	2
166.1924895	4	4
184.2083455	4	2
202.2241915	4	5
