onset	duration	trial_type
4.0164825	4	5
22.0323385	4	2
40.0482015	4	2
58.0640475	4	5
76.0798885	4	5
94.0957425	4	4
112.1115985	4	1
130.1441265	4	3
148.1599695	4	3
166.1758095	4	4
184.1916795	4	1
202.2241825	4	5
