onset	duration	trial_type
4.0164725	4	5
22.0323365	4	1
40.0648545	4	2
58.0807015	4	3
76.0965395	4	3
94.1124015	4	4
112.1282485	4	5
130.1441055	4	4
148.1599515	4	2
166.1758045	4	5
184.1916635	4	1
202.2241675	4	5
