onset	duration	trial_type
4.0164865	4	5
22.0323425	4	5
40.0481895	4	4
58.0640325	4	3
76.0798825	4	2
94.0957405	4	4
112.1115835	4	3
130.1274525	4	1
148.1599615	4	2
166.1758185	4	5
184.1916655	4	1
202.2241725	4	5
