onset	duration	trial_type
4.0164795	4	5
22.0323415	4	2
40.0481895	4	5
58.0640515	4	2
76.0798925	4	5
94.0957505	4	3
112.1116055	4	3
130.1274455	4	4
148.1433085	4	4
166.1591525	4	1
184.1916665	4	1
202.2241865	4	5
