onset	duration	trial_type
4.0288085	4	5
22.0506425	4	5
40.0724725	4	4
58.0942925	4	3
76.1161095	4	3
94.1379405	4	2
112.1597515	4	5
130.1815855	4	1
148.2199545	4	4
166.2417825	4	1
184.2801485	4	2
202.3019615	4	5
