onset	duration	trial_type
4.0287985	4	5
22.0505755	4	2
40.0723675	4	3
58.0941295	4	4
76.1159025	4	2
94.1376895	4	4
112.1594565	4	1
130.1978225	4	3
148.2195885	4	5
166.2413565	4	5
184.2631445	4	1
202.3014905	4	5
