onset	duration	trial_type
4.0287645	4	5
22.0505425	4	2
40.0723105	4	4
58.0940595	4	3
76.1158095	4	5
94.1375775	4	4
112.1593415	4	2
130.1810925	4	3
148.2028555	4	1
166.2411775	4	5
184.2629315	4	1
202.3012835	4	5
