onset	duration	trial_type
4.0288715	4	5
22.0509205	4	2
40.0729775	4	5
58.0950155	4	5
76.1170335	4	4
94.1390765	4	4
112.1610765	4	1
130.1996815	4	3
148.2216755	4	3
166.2436805	4	2
184.2656665	4	1
202.3042185	4	5
