onset	duration	trial_type
4.0287685	4	5
22.0505005	4	4
40.0722285	4	2
58.0939615	4	5
76.1156845	4	3
94.1374295	4	2
112.1591415	4	1
130.1974655	4	4
148.2191805	4	5
166.2409155	4	1
184.2792115	4	3
202.3009465	4	5
