onset	duration	trial_type
4.0288205	4	5
22.0507975	4	1
40.0893235	4	5
58.1112785	4	5
76.1332145	4	3
94.1551515	4	3
112.1770905	4	2
130.1990275	4	4
148.2209565	4	2
166.2428875	4	1
184.2813915	4	4
202.3032915	4	5
