onset	duration	trial_type
4.0287445	4	5
22.0504165	4	1
40.0886745	4	5
58.1103535	4	4
76.1320505	4	3
94.1537325	4	2
112.1754195	4	2
130.1971365	4	1
148.2353985	4	3
166.2571135	4	4
184.2788265	4	5
202.3005475	4	5
