onset	duration	trial_type
4.0288375	4	5
22.0508035	4	1
40.0893835	4	4
58.1113525	4	5
76.1333195	4	2
94.1552995	4	2
112.1772595	4	3
130.1992515	4	1
148.2377925	4	4
166.2597545	4	3
184.2817065	4	5
202.3036585	4	5
