onset	duration	trial_type
4.0289055	4	5
22.0512245	4	2
40.0735345	4	5
58.0958375	4	3
76.1181015	4	2
94.1403775	4	5
112.1626235	4	1
130.2014525	4	4
148.2237005	4	4
166.2459155	4	3
184.2681095	4	1
202.3068815	4	5
