onset	duration	trial_type
4.0286725	4	5
22.0499805	4	1
40.0878585	4	4
58.1091595	4	5
76.1305015	4	3
94.1518425	4	2
112.1731765	4	2
130.1945475	4	1
148.2324935	4	5
166.2538715	4	4
184.2752375	4	3
202.2966545	4	5
