onset	duration	trial_type
4.0286255	4	5
22.0496915	4	3
40.0707895	4	5
58.0919025	4	4
76.1130115	4	2
94.1341585	4	4
112.1553345	4	1
130.1930785	4	5
148.2142705	4	2
166.2354875	4	1
184.2732875	4	3
202.2945275	4	5
