onset	duration	trial_type
4.0288535	4	5
22.0508835	4	5
40.0729245	4	2
58.0949725	4	3
76.1169995	4	4
94.1390115	4	2
112.1610415	4	4
130.1830495	4	3
148.2050775	4	1
166.2436625	4	5
184.2656685	4	1
202.3042465	4	5
