onset	duration	trial_type
4.0290725	4	5
22.0521425	4	1
40.0917515	4	2
58.1147275	4	4
76.1376725	4	5
94.1605715	4	2
112.1834315	4	3
130.2062865	4	3
148.2290735	4	5
166.2518425	4	4
184.2745895	4	1
202.3138825	4	5
