onset	duration	trial_type
4.0287955	4	5
22.0506515	4	4
40.0724905	4	2
58.0943175	4	2
76.1161665	4	3
94.1379985	4	3
112.1598405	4	5
130.1816795	4	5
148.2035445	4	4
166.2253865	4	1
184.2638035	4	1
202.3022095	4	5
