onset	duration	trial_type
4.0287815	4	5
22.0506415	4	5
40.0724685	4	4
58.0943205	4	2
76.1161535	4	4
94.1380085	4	3
112.1598525	4	1
130.1982555	4	2
148.2201015	4	5
166.2419545	4	1
184.2803735	4	3
202.3022115	4	5
