onset	duration	trial_type
4.0287815	4	5
22.0506205	4	1
40.0890555	4	2
58.1109045	4	5
76.1327455	4	3
94.1545825	4	5
112.1764205	4	4
130.1982555	4	3
148.2200935	4	2
166.2419385	4	4
184.2637955	4	1
202.3021965	4	5
