onset	duration	trial_type
4.0288005	4	5
22.0506465	4	3
40.0724795	4	2
58.0943125	4	4
76.1161585	4	4
94.1380055	4	5
112.1598365	4	5
130.1816815	4	2
148.2035315	4	3
166.2253555	4	1
184.2637985	4	1
202.3021975	4	5
