onset	duration	trial_type
4.0288025	4	5
22.0506575	4	3
40.0724835	4	5
58.0943345	4	4
76.1161815	4	2
94.1380225	4	4
112.1598705	4	1
130.1982895	4	5
148.2201295	4	2
166.2419575	4	1
184.2803775	4	3
202.3022225	4	5
