onset	duration	trial_type
4.0287805	4	5
22.0505825	4	1
40.0889285	4	4
58.1107065	4	5
76.1324915	4	2
94.1542805	4	2
112.1760515	4	3
130.1978555	4	1
148.2362145	4	4
166.2579945	4	3
184.2797705	4	5
202.3015655	4	5
