onset	duration	trial_type
4.0287795	4	5
22.0505605	4	5
40.0723555	4	2
58.0941325	4	3
76.1159125	4	4
94.1377115	4	2
112.1594915	4	4
130.1812645	4	3
148.2030545	4	1
166.2413975	4	5
184.2632025	4	1
202.3015545	4	5
