onset	duration	trial_type
4.0287915	4	5
22.0505705	4	3
40.0723515	4	2
58.0941415	4	4
76.1159285	4	4
94.1377235	4	5
112.1594955	4	5
130.1812835	4	2
148.2030695	4	3
166.2248485	4	1
184.2632005	4	1
202.3015695	4	5
