onset	duration	trial_type
4.0287805	4	5
22.0505725	4	3
40.0723385	4	5
58.0941315	4	4
76.1159275	4	2
94.1377065	4	4
112.1594915	4	1
130.1978415	4	5
148.2196385	4	2
166.2414165	4	1
184.2797735	4	3
202.3015445	4	5
