onset	duration	trial_type
4.0287975	4	5
22.0505675	4	1
40.0889375	4	2
58.1107165	4	3
76.1325145	4	5
94.1542755	4	4
112.1760705	4	4
130.1978455	4	2
148.2196395	4	5
166.2414095	4	3
184.2632025	4	1
202.3015575	4	5
