onset	duration	trial_type
4.0287905	4	5
22.0505575	4	3
40.0723575	4	2
58.0941385	4	5
76.1159265	4	4
94.1377135	4	3
112.1594855	4	1
130.1978585	4	1
148.2362055	4	2
166.2579945	4	4
184.2797845	4	5
202.3015705	4	5
