onset	duration	trial_type
4.0287905	4	5
22.0506445	4	2
40.0724835	4	3
58.0943345	4	3
76.1161685	4	4
94.1379995	4	4
112.1598375	4	1
130.1982755	4	2
148.2200975	4	5
166.2419535	4	1
184.2803795	4	5
202.3022225	4	5
