onset	duration	trial_type
4.0287945	4	4
22.0506515	4	5
40.0724755	4	2
58.0943235	4	5
76.1161545	4	4
94.1379925	4	3
112.1598385	4	3
130.1816995	4	2
