onset	duration	trial_type
4.0288025	4	2
22.0506265	4	4
40.0724905	4	3
58.0943065	4	4
76.1161645	4	5
94.1380065	4	5
112.1598465	4	3
130.1816935	4	2
