onset	duration	trial_type
4.0288055	4	5
22.0506415	4	1
40.0890465	4	4
58.1108855	4	5
76.1327335	4	3
94.1545925	4	2
112.1764205	4	2
130.1982675	4	1
148.2366885	4	5
166.2585245	4	4
184.2803645	4	3
202.3022125	4	5
