onset	duration	trial_type
4.0287875	4	3
22.0506185	4	2
40.0724715	4	3
58.0943085	4	5
76.1161525	4	4
94.1380005	4	4
112.1598385	4	5
130.1816915	4	2
