onset	duration	trial_type
4.0287875	4	5
22.0506255	4	3
40.0724895	4	4
58.0943095	4	2
76.1161695	4	5
94.1380025	4	2
112.1598335	4	3
130.1816805	4	4
