onset	duration	trial_type
4.0288025	4	5
22.0506455	4	3
40.0724865	4	2
58.0943235	4	4
76.1161615	4	4
94.1379905	4	5
112.1598385	4	5
130.1816925	4	2
148.2035135	4	3
166.2253625	4	1
184.2637885	4	1
202.3022065	4	5
