onset	duration	trial_type
4.0288175	4	5
22.0506615	4	1
40.0890635	4	5
58.1109095	4	4
76.1327635	4	3
94.1545865	4	2
112.1764325	4	2
130.1982925	4	1
148.2366995	4	3
166.2585425	4	4
184.2803855	4	5
202.3022345	4	5
