onset	duration	trial_type
4.0288155	4	5
22.0506425	4	3
40.0725005	4	5
58.0943265	4	4
76.1161665	4	2
94.1380175	4	4
112.1598635	4	1
130.1982755	4	5
148.2201095	4	2
166.2419545	4	1
184.2803845	4	3
202.3022115	4	5
