onset	duration	trial_type
4.0288095	4	5
22.0506605	4	3
40.0724915	4	4
58.0943375	4	2
76.1161875	4	5
94.1380215	4	2
112.1598505	4	3
130.1816915	4	4
