onset	duration	trial_type
4.0287875	4	4
22.0506265	4	5
40.0724835	4	2
58.0943285	4	5
76.1161525	4	4
94.1380005	4	3
112.1598285	4	3
130.1816755	4	2
