onset	duration	trial_type
4.0288255	4	5
22.0506645	4	4
40.0724905	4	5
58.0943265	4	2
76.1161875	4	5
94.1380105	4	3
112.1598535	4	1
130.1982695	4	1
148.2367055	4	2
166.2585375	4	3
184.2803775	4	4
202.3022285	4	5
