onset	duration	trial_type
4.0288075	4	3
22.0506405	4	2
40.0724995	4	3
58.0943295	4	5
76.1161645	4	4
94.1380245	4	4
112.1598495	4	5
130.1816875	4	2
