onset	duration	trial_type
4.0288165	4	2
22.0506415	4	5
40.0725085	4	3
58.0943285	4	3
76.1161705	4	5
94.1380135	4	2
112.1598495	4	4
130.1817015	4	4
