onset	duration	trial_type
4.0288015	4	2
22.0506555	4	4
40.0724855	4	3
58.0943345	4	4
76.1161735	4	5
94.1380055	4	5
112.1598545	4	3
130.1816995	4	2
