onset	duration	trial_type
4.0288075	4	5
22.0506365	4	3
40.0724965	4	2
58.0943245	4	5
76.1161685	4	4
94.1380045	4	3
112.1598455	4	1
130.1982685	4	1
148.2366815	4	2
166.2585315	4	4
184.2803785	4	5
202.3022025	4	5
