onset	duration	trial_type
4.0287725	4	5
22.0505645	4	1
40.0889175	4	5
58.1107015	4	5
76.1324895	4	4
94.1542715	4	2
112.1760485	4	4
130.1978395	4	1
148.2361985	4	3
166.2579835	4	3
184.2797675	4	2
202.3015405	4	5
