onset	duration	trial_type
4.0287895	4	5
22.0505755	4	5
40.0723495	4	4
58.0941395	4	3
76.1159075	4	3
94.1377085	4	2
112.1594735	4	5
130.1812675	4	1
148.2196215	4	4
166.2414125	4	1
184.2797845	4	2
202.3015555	4	5
