onset	duration	trial_type
4.0287925	4	5
22.0505725	4	1
40.0889275	4	5
58.1107155	4	3
76.1324985	4	2
94.1542955	4	4
112.1760605	4	1
130.2144395	4	2
148.2362015	4	5
166.2580015	4	3
184.2797835	4	4
202.3015515	4	5
