onset	duration	trial_type
4.0287845	4	5
22.0505505	4	3
40.0723355	4	2
58.0941315	4	5
76.1159055	4	4
94.1377055	4	3
112.1594755	4	1
130.1978345	4	1
148.2362015	4	2
166.2579985	4	4
184.2797825	4	5
202.3015425	4	5
