onset	duration	trial_type
4.0288085	4	5
22.0505705	4	4
40.0723535	4	5
58.0941465	4	2
76.1159385	4	2
94.1377185	4	3
112.1594975	4	4
130.1812675	4	3
148.2030705	4	1
166.2414295	4	5
184.2632145	4	1
202.3015625	4	5
