onset	duration	trial_type
4.0287765	4	5
22.0505605	4	1
40.0889295	4	5
58.1107185	4	4
76.1324915	4	5
94.1542685	4	3
112.1760575	4	3
130.1978425	4	1
148.2361995	4	2
166.2579905	4	4
184.2797745	4	2
202.3015675	4	5
