onset	duration	trial_type
4.0287745	4	5
22.0505685	4	5
40.0723435	4	2
58.0941265	4	4
76.1158995	4	3
94.1376965	4	4
112.1594685	4	5
130.1812505	4	1
148.2196255	4	2
166.2413975	4	1
184.2797635	4	3
202.3015405	4	5
