onset	duration	trial_type
4.0284885	4	5
22.0489565	4	2
40.0694155	4	4
58.0898825	4	5
76.1103635	4	3
94.1308455	4	5
112.1513005	4	1
130.1883505	4	2
148.2088155	4	1
166.2458705	4	3
184.2663345	4	4
202.2868105	4	5
