onset	duration	trial_type
4.0285005	4	5
22.0489605	4	1
40.0860155	4	4
58.1064685	4	5
76.1269555	4	5
94.1474225	4	4
112.1678925	4	3
130.1883495	4	3
148.2088215	4	2
166.2292975	4	2
184.2497555	4	1
202.2868105	4	5
