onset	duration	trial_type
4.0285025	4	5
22.0489735	4	1
40.0860245	4	2
58.1064705	4	3
76.1269645	4	4
94.1474295	4	2
112.1678975	4	5
130.1883655	4	1
148.2254115	4	4
166.2458755	4	3
184.2663405	4	5
202.2868095	4	5
