onset	duration	trial_type
4.0284985	4	5
22.0489625	4	1
40.0860155	4	3
58.1064925	4	2
76.1269545	4	4
94.1474145	4	2
112.1678985	4	5
130.1883655	4	3
148.2088165	4	5
166.2293045	4	1
184.2663515	4	4
202.2868065	4	5
