onset	duration	trial_type
4.0284815	4	5
22.0489595	4	1
40.0860215	4	2
58.1064855	4	2
76.1269535	4	3
94.1474325	4	5
112.1678945	4	5
130.1883545	4	1
148.2253945	4	3
166.2458795	4	4
184.2663555	4	4
202.2868235	4	5
