onset	duration	trial_type
4.0284845	4	5
22.0489595	4	4
40.0694105	4	5
58.0899005	4	3
76.1103725	4	2
94.1308305	4	5
112.1512875	4	3
130.1717795	4	2
148.1922345	4	4
166.2126975	4	1
184.2497525	4	1
202.2867995	4	5
