onset	duration	trial_type
4.0288015	4	5
22.0506205	4	1
40.0890085	4	4
58.1108175	4	5
76.1326255	4	3
94.1544175	4	2
112.1762215	4	2
130.1980325	4	1
148.2364175	4	5
166.2582465	4	4
184.2800375	4	3
202.3018505	4	5
