onset	duration	trial_type
4.0287395	4	5
22.0503445	4	4
40.0719245	4	2
58.0935465	4	5
76.1151765	4	4
94.1368205	4	2
112.1584785	4	3
130.1801305	4	5
148.2018015	4	1
166.2400645	4	3
184.2617685	4	1
202.3000385	4	5
