onset	duration	trial_type
4.0287825	4	5
22.0505305	4	3
40.0722655	4	2
58.0940485	4	5
76.1158155	4	4
94.1375735	4	3
112.1593515	4	1
130.1977225	4	1
148.2360985	4	2
166.2578965	4	4
184.2797125	4	5
202.3015215	4	5
