onset	duration	trial_type
4.0288765	4	5
22.0511465	4	1
40.0899775	4	5
58.1122335	4	5
76.1344835	4	4
94.1567125	4	2
112.1789605	4	4
130.2012035	4	1
148.2400395	4	3
166.2622755	4	3
184.2845215	4	2
202.3067575	4	5
