onset	duration	trial_type
4.0288775	4	5
22.0509605	4	1
40.0896225	4	5
58.1117095	4	3
76.1338245	4	2
94.1559075	4	4
112.1779885	4	1
130.2166645	4	2
148.2387635	4	5
166.2608715	4	3
184.2829605	4	4
202.3050705	4	5
