onset	duration	trial_type
4.0286045	4	5
22.0495005	4	4
40.0704375	4	5
58.0914005	4	2
76.1124175	4	2
94.1334545	4	3
112.1545285	4	4
130.1756315	4	3
148.1967505	4	1
166.2344835	4	5
184.2556755	4	1
202.2934745	4	5
