onset	duration	trial_type
4.0288835	4	5
22.0511225	4	5
40.0733615	4	2
58.0955775	4	4
76.1175465	4	3
94.1389025	4	4
112.1602885	4	5
130.1817045	4	1
148.2197185	4	2
166.2411765	4	1
184.2792555	4	3
202.3007535	4	5
