onset	duration	trial_type
4.0286985	4	5
22.0500295	4	1
40.0879555	4	5
58.1093465	4	4
76.1307265	4	5
94.1521555	4	3
112.1735885	4	3
130.1950485	4	1
148.2331065	4	2
166.2545845	4	4
184.2761005	4	2
202.2976395	4	5
