onset	duration	trial_type
4.0288055	4	5
22.0506315	4	5
40.0724725	4	3
58.0943205	4	4
76.1161815	4	2
94.1380295	4	2
112.1598635	4	3
130.1817115	4	4
