onset	duration	trial_type
4.0288015	4	3
22.0506465	4	4
40.0724795	4	2
58.0943465	4	4
76.1161765	4	3
94.1380325	4	5
112.1598575	4	5
130.1817085	4	2
