onset	duration	trial_type
4.0288065	4	5
22.0506265	4	1
40.0890315	4	4
58.1108705	4	2
76.1327095	4	3
94.1545475	4	2
112.1763715	4	3
130.1981935	4	4
148.2200355	4	5
166.2418555	4	1
184.2802775	4	5
202.3021025	4	5
