onset	duration	trial_type
4.0287905	4	4
22.0506435	4	3
40.0724695	4	5
58.0943175	4	3
76.1161775	4	5
94.1380175	4	2
112.1598745	4	4
130.1817005	4	2
