onset	duration	trial_type
4.0287975	4	5
22.0506505	4	3
40.0724975	4	2
58.0943195	4	3
76.1161775	4	2
94.1380205	4	4
112.1598665	4	5
130.1817085	4	4
