onset	duration	trial_type
4.0288145	4	5
22.0506525	4	1
40.0890745	4	5
58.1109105	4	5
76.1327435	4	4
94.1546005	4	2
112.1764325	4	4
130.1982725	4	1
148.2366935	4	3
166.2585355	4	3
184.2803985	4	2
202.3022295	4	5
