onset	duration	trial_type
4.0287935	4	5
22.0506345	4	4
40.0724795	4	5
58.0943165	4	2
76.1161715	4	5
94.1380135	4	3
112.1598535	4	1
130.1982755	4	1
148.2366755	4	2
166.2585195	4	3
184.2803585	4	4
202.3021985	4	5
