onset	duration	trial_type
4.0288095	4	3
22.0506545	4	5
40.0724735	4	4
58.0943285	4	5
76.1161745	4	3
94.1380135	4	4
112.1598635	4	2
130.1816995	4	2
