onset	duration	trial_type
4.0287985	4	2
22.0506585	4	5
40.0724775	4	3
58.0943155	4	3
76.1161675	4	5
94.1380085	4	2
112.1598625	4	4
130.1816805	4	4
