onset	duration	trial_type
4.0288015	4	5
22.0506335	4	4
40.0724835	4	2
58.0943205	4	5
76.1161625	4	4
94.1379875	4	2
112.1598305	4	3
130.1816815	4	5
148.2035235	4	1
166.2419415	4	3
184.2637805	4	1
202.3022075	4	5
