onset	duration	trial_type
4.0288215	4	5
22.0506475	4	2
40.0725005	4	3
58.0943335	4	4
76.1161715	4	4
94.1380295	4	5
112.1598485	4	3
130.1817035	4	2
148.2035455	4	1
166.2419735	4	5
184.2638005	4	1
202.3022285	4	5
