onset	duration	trial_type
4.0288065	4	5
22.0506325	4	3
40.0724715	4	2
58.0943085	4	5
76.1161655	4	4
94.1380135	4	3
112.1598525	4	1
130.1982535	4	1
148.2366885	4	2
166.2585265	4	4
184.2803705	4	5
202.3022155	4	5
