onset	duration	trial_type
4.0288075	4	5
22.0506365	4	1
40.0890555	4	5
58.1108885	4	4
76.1327515	4	5
94.1545945	4	3
112.1764205	4	3
130.1982775	4	1
148.2366765	4	2
166.2585265	4	4
184.2803785	4	2
202.3021995	4	5
