onset	duration	trial_type
4.0288205	4	5
22.0506455	4	1
40.0890835	4	4
58.1109155	4	5
76.1327715	4	2
94.1546105	4	2
112.1764325	4	3
130.1982755	4	1
148.2366995	4	4
166.2585515	4	3
184.2803925	4	5
202.3022345	4	5
