onset	duration	trial_type
4.0288035	4	4
22.0506535	4	5
40.0724885	4	2
58.0943375	4	5
76.1161765	4	4
94.1380125	4	2
112.1598675	4	3
130.1817025	4	3
