onset	duration	trial_type
4.0287965	4	3
22.0506585	4	5
40.0724915	4	2
58.0943165	4	4
76.1161825	4	4
94.1380155	4	5
112.1598615	4	2
130.1817005	4	3
