onset	duration	trial_type
4.0165175	4	5
22.0324505	4	1
40.0650745	4	4
58.0810065	4	5
76.0969515	4	3
94.1129015	4	2
112.1288455	4	2
130.1447875	4	1
148.1773845	4	5
166.1933305	4	4
184.2092765	4	3
202.2252205	4	5
