onset	duration	trial_type
4.0164955	4	5
22.0324385	4	1
40.0650505	4	5
58.0809945	4	2
76.0969485	4	4
94.1128805	4	2
112.1288215	4	1
130.1614295	4	5
148.1773875	4	3
166.1933295	4	3
184.2092685	4	4
202.2252055	4	5
