onset	duration	trial_type
4.0165165	4	5
22.0324665	4	1
40.0650675	4	2
58.0810165	4	3
76.0969615	4	5
94.1128985	4	4
112.1288385	4	4
130.1447825	4	2
148.1607205	4	5
166.1766715	4	3
184.1926125	4	1
202.2252295	4	5
