onset	duration	trial_type
4.0165225	4	5
22.0324565	4	1
40.0650695	4	3
58.0810095	4	2
76.0969555	4	3
94.1128935	4	5
112.1288315	4	2
130.1447835	4	4
148.1607335	4	1
166.1933375	4	4
184.2092725	4	5
202.2252175	4	5
