onset	duration	trial_type
4.0164985	4	5
22.0324525	4	5
40.0483875	4	3
58.0643445	4	2
76.0802705	4	2
94.0962255	4	4
112.1121655	4	1
130.1447705	4	1
148.1773795	4	5
166.1933335	4	3
184.2092805	4	4
202.2252195	4	5
