onset	duration	trial_type
4.0164955	4	5
22.0324545	4	1
40.0650525	4	4
58.0809935	4	5
76.0969505	4	2
94.1128765	4	2
112.1288295	4	3
130.1447685	4	1
148.1773895	4	4
166.1933305	4	3
184.2092565	4	5
202.2252165	4	5
