onset	duration	trial_type
4.0287775	4	5
22.0505925	4	3
40.0724155	4	5
58.0942155	4	4
76.1160395	4	2
94.1378385	4	4
112.1596505	4	1
130.1980285	4	5
148.2198465	4	2
166.2416565	4	1
184.2800345	4	3
202.3018435	4	5
