onset	duration	trial_type
4.0285305	4	5
22.0491765	4	5
40.0698195	4	4
58.0904785	4	2
76.1111675	4	4
94.1318395	4	3
112.1525165	4	1
130.1897615	4	2
148.2104425	4	5
166.2311295	4	1
184.2684185	4	3
202.2890985	4	5
