onset	duration	trial_type
4.0283785	4	5
22.0483815	4	1
40.0850385	4	2
58.1051445	4	5
76.1253025	4	3
94.1454935	4	5
112.1657295	4	4
130.1859765	4	3
148.2062855	4	2
166.2265975	4	4
184.2469525	4	1
202.2839345	4	5
