onset	duration	trial_type
4.0288065	4	5
22.0506325	4	1
40.0890615	4	5
58.1109055	4	4
76.1327235	4	3
94.1545535	4	2
112.1763945	4	2
130.1982095	4	1
148.2366265	4	3
166.2584555	4	4
184.2802885	4	5
202.3021105	4	5
