onset	duration	trial_type
4.0280925	4	5
22.0467955	4	1
40.0822585	4	5
58.1012445	4	2
76.1203475	4	4
94.1395695	4	3
112.1588895	4	5
130.1783045	4	3
148.1978285	4	2
166.2174295	4	1
184.2536615	4	4
202.2734205	4	5
