onset	duration	trial_type
4.0288075	4	5
22.0506585	4	1
40.0890905	4	4
58.1109585	4	2
76.1328115	4	3
94.1546545	4	2
112.1765145	4	3
130.1983505	4	4
148.2201905	4	5
166.2420335	4	1
184.2804795	4	5
202.3023245	4	5
