onset	duration	trial_type
4.0287735	4	5
22.0506135	4	2
40.0724305	4	3
58.0942585	4	3
76.1160795	4	4
94.1378965	4	4
112.1597125	4	1
130.1981285	4	2
148.2199225	4	5
166.2417425	4	1
184.2801585	4	5
202.3019605	4	5
