onset	duration	trial_type
4.0288175	4	3
22.0506445	4	4
40.0724875	4	3
58.0943205	4	5
76.1161815	4	4
94.1380175	4	2
112.1598535	4	2
130.1816985	4	5
