onset	duration	trial_type
4.0288105	4	3
22.0506375	4	5
40.0724955	4	2
58.0943295	4	4
76.1161545	4	4
94.1380065	4	5
112.1598525	4	2
130.1816955	4	3
