onset	duration	trial_type
4.0288155	4	5
22.0506635	4	4
40.0724825	4	2
58.0943415	4	3
76.1161665	4	2
94.1380235	4	5
112.1598725	4	3
130.1817085	4	4
