onset	duration	trial_type
4.0287985	4	5
22.0506465	4	5
40.0724745	4	3
58.0943255	4	4
76.1161715	4	2
94.1380155	4	2
112.1598455	4	3
130.1816745	4	4
