onset	duration	trial_type
4.0288045	4	4
22.0506515	4	4
40.0724855	4	2
58.0943235	4	5
76.1161765	4	3
94.1380205	4	2
112.1598495	4	5
130.1817055	4	3
