onset	duration	trial_type
4.0288075	4	5
22.0506275	4	3
40.0724815	4	2
58.0943225	4	5
76.1161665	4	5
94.1380065	4	3
112.1598545	4	4
130.1816875	4	4
148.2035275	4	1
166.2419555	4	1
184.2803815	4	2
202.3022095	4	5
