onset	duration	trial_type
4.0288035	4	4
22.0506455	4	3
40.0724735	4	5
58.0943135	4	4
76.1161585	4	5
94.1379995	4	3
112.1598535	4	2
130.1816835	4	2
