onset	duration	trial_type
4.0288115	4	3
22.0506415	4	3
40.0724785	4	2
58.0943175	4	5
76.1161825	4	5
94.1380115	4	4
112.1598525	4	2
130.1816885	4	4
