onset	duration	trial_type
4.0288005	4	5
22.0506535	4	3
40.0724775	4	4
58.0943235	4	2
76.1161725	4	5
94.1380095	4	5
112.1598415	4	1
130.1982635	4	1
148.2366815	4	2
166.2585235	4	3
184.2803855	4	4
202.3022195	4	5
