onset	duration	trial_type
4.0287905	4	5
22.0506495	4	1
40.0890525	4	3
58.1109035	4	2
76.1327325	4	5
94.1545875	4	5
112.1764235	4	1
130.2148445	4	4
148.2366805	4	2
166.2585275	4	3
184.2803665	4	4
202.3022095	4	5
