onset	duration	trial_type
4.0288205	4	5
22.0506625	4	3
40.0725025	4	4
58.0943325	4	5
76.1161645	4	2
94.1380145	4	3
112.1598555	4	2
130.1817025	4	4
